{
   "foodcategories" : [
      {
         "categoryName" : "Sandwiches",
         "menuItem" : [
            {
               "name" : "Roasted Turkey",
               "price" : 5.99,
               "imageUrl" : "images/sandwhiches.jpg"
            },
            {
               "name" : "Turkey and Cranberry",
               "price" : 4.99,
               "imageUrl" : "images/turkeysandwich.jpg"
            },
            {
               "price" : 6.99,
               "name" : "Tuna Salad",
               "imageUrl" : "images/tunasandwich.jpg"
            },
            {
               "price" : 3.99,
               "name" : "Club",
               "imageUrl" : "images/club.jpg"
            },
            {
               "name" : "Cobb",
               "price" : 7.99,
               "imageUrl" : "images/cobb.jpg"
            },
            {
               "name" : "Somked Ham",
               "price" : 7.99,
               "imageUrl" : "images/smoked ham.jpg"
            }
        ]
      },
      {
         "menuItem" : [
            {
               "price" : 7.99,
               "name" : "Kale Pesto Chicken",
               "imageUrl" : "images/salads.jpg"
            },
            {
               "price" : 7.99,
               "name" : "Watermelon,Feta and Arugula",
               "imageUrl" : "images/watermelon Feta Arugulla.jpg"
            },
            {
               "name" : "BBQ Chicken",
               "price" : 7.99,
               "imageUrl" :"images/bbq chicken.jpg"
            },
            {
               "name" : "Mixed Greens",
               "price" : 7.99,
               "imageUrl" :"images/mixed greens.jpg"
            }
         ],
         "categoryName" : "Salads"
      },
      {
         "menuItem" : [
            {
               "price" : 7.99,
               "name" : "New England Clam Chowder",
               "imageUrl" : "Images/soup.jpg"
            },
            {
               "price" : 7.99,
               "name" : "Butternut Squash",
               "imageUrl" : "images/butternutsquash.jpg"
            },
            {
               "name" : "Broccoli Cheddar",
               "price" : 7.99,
               "imageUrl" : "images/broccoli cheddar.jpg"
            }
         ],
         "categoryName" : "Soups"
      },
      {
         "menuItem" : [
            {
               "price" : 7.99,
               "name" : "Major Dickason",
               "imageUrl" : "images/Brew-Coffee.jpg"
            },
            {
               "name" : "Café Domingo",
               "price" : 7.99,
               "imageUrl" : "images/cafe domingo.jpg"
            },
            {
               "price" : 7.99,
               "name" : "Caffe Latte",
               "imageUrl" : "images/Cafe-Latte.jpg"
            },
            {
               "name" : "Cappuccino",
               "price" : 7.99,
               "imageUrl" :  "images/Cappuccino.jpg"
            },
            {
               "name" : "Espresso",
               "price" : 7.99,
               "imageUrl" :  "images/espresso.jpg"
            }
         ],
         "categoryName" : "Brewed Coffee"
      },
      {
         "categoryName" : "Desserts",
         "menuItem" : [
            {
               "name" : "Walnut Fudge",
               "price" : 7.99,
               "imageUrl" : "images/desserts.jpg"
            },
            {
               "price" : 7.99,
               "name" : "Double Fudge",
               "imageUrl" : "images/Double fudge.jpg"
            },
            {
               "price" : 7.99,
               "name" : "Triple Chocolate",
               "imageUrl" :  "images/Triple chocolate.jpg"
            },
            {
               "price" : 7.99,
               "name" : "Red Velvet",
               "imageUrl" :  "images/Red Velvet.jpg"
            },
            {
               "price" : 7.99,
               "name" : "Orange Poppy",
               "imageUrl" : "images/orange poppy.jpg"
            }

         ]
      }
   ]
}
